{"translation": [[-0.08381258216122295], [-0.6014734085645168], [0.5828556376987014]],
  "rotation": [[0.5321802162528142, -0.5776143237763371, 0.6189878111865474],
    [-0.845738618079225, -0.32913592196090735, 0.4199949223078613],
    [-0.03886395912090218, -0.7470148846196764, -0.6636703660990904]]
}