{"translation": [[-18.444247202236284], [-4.346930962373565], [-6.48414895906846]], "rotation": [[-0.3005049812431222, -0.5850204737804191, 0.7532913125118361], [-0.9389947315931314, 0.3199903538354463, -0.1260756419480356], [-0.16728912184721967, -0.7452229322222983, -0.6454898380312319]]}