{"translation": [[-0.16504659478653744], [0.5053184504290646], [0.4914658216515241]],
  "rotation": [[-0.30874829823210037, -0.5717240878187193, 0.7601355509030183],
    [-0.9391279780073594, 0.30987152585284683, -0.14838557338716396],
    [-0.15070875642307846, -0.7596783561965431, -0.6325943928489466]]
}