{"translation": [[-0.29443331316340565], [0.4968202233607889], [0.5970273541843318]], "rotation": [[-0.29541110320949193, -0.5539253521869799, 0.7783951337881561], [-0.9362463222292517, 0.3300553381076021, -0.12044209355070484], [-0.1901975399755506, -0.7643495129789819, -0.6161125853251515]]}