{"translation": [[-0.10], [0.35], [0.40]],
  "rotation": [[0.6139848664376051, -0.5781363372398775, 0.5373834379178939],
    [0.24996388866212702, 0.7881960439098787, 0.5623744755318509],
    [-0.7486926192707553, -0.21096296340276227, 0.6284536497800144]]}